City_ID,City,Country,Date,Lat,Lng,Max Temp,Humidity,Cloudiness,Wind Speed
0,Maceio,BR,2022-09-26 00:52:39,-9.6658,-35.7353,72.84,94,20,4.61
1,Hameenlinna,FI,2022-09-26 00:52:39,60.996,24.4643,40.14,94,100,4.03
2,Landeck,AT,2022-09-26 00:52:40,47.1301,10.5636,48.94,93,100,1.9
3,Kulhudhuffushi,MV,2022-09-26 00:52:40,6.6221,73.07,82.29,75,79,12.39
4,Atuona,PF,2022-09-26 00:52:41,-9.8,-139.0333,77.32,76,39,21.05
5,Albany,US,2022-09-26 00:50:25,42.6001,-73.9662,61.21,90,100,4.61
6,Aripuana,BR,2022-09-26 00:52:42,-9.1667,-60.6333,80.47,43,1,1.59
7,Ushuaia,AR,2022-09-26 00:50:30,-54.8,-68.3,46.06,57,75,8.05
8,Tuatapere,NZ,2022-09-26 00:52:42,-46.1333,167.6833,62.2,56,66,1.03
9,Bluff,NZ,2022-09-26 00:52:43,-46.6,168.3333,55.18,76,74,3.18
10,Gorontalo,ID,2022-09-26 00:52:43,0.5412,123.0595,85.06,57,99,6.85
11,Namibe,AO,2022-09-26 00:52:44,-15.1961,12.1522,63.39,73,73,8.88
12,Moron,AR,2022-09-26 00:52:45,-34.6534,-58.6198,62.01,72,92,6.35
13,Kapaa,US,2022-09-26 00:52:46,22.0752,-159.319,86.11,70,0,8.05
14,Acapulco,MX,2022-09-26 00:49:30,16.8634,-99.8901,82.22,83,75,4.61
15,Gillette,US,2022-09-26 00:52:46,44.2911,-105.5022,66.06,39,0,1.01
16,Arraial Do Cabo,BR,2022-09-26 00:52:47,-22.9661,-42.0278,68.68,82,41,18.12
17,Penzance,GB,2022-09-26 00:52:47,50.1186,-5.5371,57.88,80,100,25.34
18,Cayeli,TR,2022-09-26 00:52:48,41.0923,40.7292,63.12,52,0,5.55
19,Rikitea,PF,2022-09-26 00:52:48,-23.1203,-134.9692,68.86,60,0,14.67
20,Saint-Philippe,RE,2022-09-26 00:52:49,-21.3585,55.7679,65.79,80,50,13.71
21,Karpogory,RU,2022-09-26 00:52:49,64.0019,44.4451,36.23,83,9,7.36
22,Omboue,GA,2022-09-26 00:52:50,-1.5746,9.2618,75.63,87,100,9.13
23,Mataura,NZ,2022-09-26 00:52:51,-46.1927,168.8643,66.56,51,47,2.37
24,Cape Town,ZA,2022-09-26 00:52:51,-33.9258,18.4232,58.12,83,40,3.44
25,Punta Arenas,CL,2022-09-26 00:49:14,-53.15,-70.9167,44.71,76,75,5.75
26,Port Alfred,ZA,2022-09-26 00:52:52,-33.5906,26.891,59.18,90,100,1.99
27,Kirakira,SB,2022-09-26 00:52:53,-10.4544,161.9205,82.87,76,31,3.13
28,Hauknes,NO,2022-09-26 00:52:53,66.2833,14.0667,54.34,73,75,17.27
29,Morondava,MG,2022-09-26 00:52:54,-20.2833,44.2833,72.48,69,2,1.57
30,Dikson,RU,2022-09-26 00:52:55,73.5069,80.5464,32.63,83,100,17.72
31,Sioux Lookout,CA,2022-09-26 00:52:55,50.1001,-91.917,50.07,87,75,16.11
32,Yumen,CN,2022-09-26 00:52:55,40.2833,97.2,63.32,14,57,3.47
33,Uribia,CO,2022-09-26 00:52:56,11.7139,-72.266,82.17,77,100,6.91
34,Ribeira Grande,PT,2022-09-26 00:52:56,38.5167,-28.7,71.46,73,26,20.69
35,Vaini,TO,2022-09-26 00:52:57,-21.2,-175.2,78.96,83,75,9.22
36,Simpsonville,US,2022-09-26 00:52:57,34.7371,-82.2543,71.62,82,0,10.36
37,Turkistan,KZ,2022-09-26 00:52:58,43.0,68.0,68.49,23,0,5.23
38,Georgetown,MY,2022-09-26 00:51:38,5.4112,100.3354,82.89,87,20,2.3
39,Nouadhibou,MR,2022-09-26 00:52:58,20.931,-17.0347,78.78,94,10,2.3
40,Nikolskoye,RU,2022-09-26 00:52:58,59.7035,30.7861,46.29,98,98,2.82
41,Bethel,US,2022-09-26 00:52:59,41.3712,-73.414,66.54,82,0,6.91
42,Port Elizabeth,ZA,2022-09-26 00:52:59,-33.918,25.5701,61.32,85,40,9.22
43,Saskylakh,RU,2022-09-26 00:53:00,71.9167,114.0833,32.54,77,100,17.65
44,San Antonio,US,2022-09-26 00:52:36,29.4241,-98.4936,89.38,52,20,10.36
45,Daugavpils,LV,2022-09-26 00:54:00,55.8833,26.5333,47.28,81,100,3.0
46,Ponta Do Sol,PT,2022-09-26 00:54:01,32.6667,-17.1,70.72,73,12,9.4
47,Tshikapa,CD,2022-09-26 00:54:02,-6.4167,20.8,70.81,85,100,2.39
48,Qaanaaq,GL,2022-09-26 00:54:02,77.484,-69.3632,30.69,87,100,9.51
49,Umm Lajj,SA,2022-09-26 00:54:03,25.0213,37.2685,93.52,25,1,16.93
50,Saint-Augustin,CA,2022-09-26 00:54:03,51.226,-58.6502,46.67,79,11,15.32
51,Banda Aceh,ID,2022-09-26 00:54:04,5.5577,95.3222,81.09,72,100,10.67
52,Adrar,MR,2022-09-26 00:44:11,20.5022,-10.0711,89.1,37,42,13.91
53,Labuhan,ID,2022-09-26 00:54:04,-6.8844,112.2051,83.37,64,25,12.66
54,Jacareacanga,BR,2022-09-26 00:54:05,-6.2222,-57.7528,82.26,46,51,4.68
55,Tres Picos,MX,2022-09-26 00:54:05,15.8667,-93.5333,79.57,85,100,1.99
56,Jamestown,US,2022-09-26 00:51:01,42.097,-79.2353,57.02,76,75,12.66
57,Chuy,UY,2022-09-26 00:51:10,-33.6971,-53.4616,58.5,82,100,11.3
58,High Level,CA,2022-09-26 00:54:06,58.5169,-117.136,64.51,45,75,2.3
59,Sinnamary,GF,2022-09-26 00:54:07,5.3833,-52.95,79.92,83,0,12.71
60,Klaksvik,FO,2022-09-26 00:54:07,62.2266,-6.589,41.92,95,100,51.47
61,Saldanha,ZA,2022-09-26 00:54:08,-33.0117,17.9442,55.45,88,100,6.24
62,Muzhi,RU,2022-09-26 00:54:08,65.3667,64.6667,26.49,86,12,4.05
63,Qaqortoq,GL,2022-09-26 00:54:09,60.7167,-46.0333,46.71,99,100,3.67
64,Busselton,AU,2022-09-26 00:54:09,-33.65,115.3333,57.16,71,0,4.63
65,Hobart,AU,2022-09-26 00:54:10,-42.8794,147.3294,59.05,62,75,9.22
66,Yellowknife,CA,2022-09-26 00:52:41,62.456,-114.3525,48.72,71,40,4.61
67,Ati,TD,2022-09-26 00:54:11,13.2154,18.3353,84.72,58,94,5.82
68,Russell,US,2022-09-26 00:54:11,32.3502,-85.1999,79.83,78,0,0.0
69,Vardo,NO,2022-09-26 00:54:11,70.3705,31.1107,42.78,93,0,5.75
70,Sulangan,PH,2022-09-26 00:54:12,11.1373,123.7228,82.92,75,80,14.79
71,Nanchang,CN,2022-09-26 00:50:02,28.6833,115.8833,77.29,49,8,6.71
72,Swan Hill,AU,2022-09-26 00:44:23,-35.3378,143.5544,52.88,89,100,8.86
73,Butaritari,KI,2022-09-26 00:54:13,3.0707,172.7902,81.64,72,94,10.47
74,Upernavik,GL,2022-09-26 00:54:14,72.7868,-56.1549,32.77,68,99,7.38
75,Yar-Sale,RU,2022-09-26 00:54:14,66.8333,70.8333,27.41,91,20,11.83
76,Katsuura,JP,2022-09-26 00:54:15,35.1333,140.3,75.54,67,6,7.81
77,Menongue,AO,2022-09-26 00:54:15,-14.6585,17.691,67.84,63,32,5.59
78,Tasiilaq,GL,2022-09-26 00:54:16,65.6145,-37.6368,39.13,61,100,4.41
79,Geraldton,AU,2022-09-26 00:54:17,-28.7667,114.6,57.61,77,0,6.91
80,Andenes,NO,2022-09-26 00:54:18,69.3143,16.1194,53.58,71,75,20.71
81,Mahebourg,MU,2022-09-26 00:54:18,-20.4081,57.7,70.25,83,20,8.05
82,Najran,SA,2022-09-26 00:54:19,17.4924,44.1277,74.05,22,10,4.7
83,Nuuk,GL,2022-09-26 00:50:32,64.1835,-51.7216,43.02,96,100,8.34
84,New Norfolk,AU,2022-09-26 00:54:20,-42.7826,147.0587,58.71,71,40,1.99
85,Morro Bay,US,2022-09-26 00:54:20,35.3658,-120.8499,83.93,55,27,5.99
86,Carnarvon,AU,2022-09-26 00:54:20,-24.8667,113.6333,67.55,39,0,21.14
87,Talnakh,RU,2022-09-26 00:44:29,69.4865,88.3972,24.21,74,81,2.73
88,Sept-Iles,CA,2022-09-26 00:50:04,50.2001,-66.3821,45.05,89,20,3.44
89,Leningradskiy,RU,2022-09-26 00:54:22,69.3833,178.4167,33.21,93,100,6.17
90,Hermanus,ZA,2022-09-26 00:54:12,-34.4187,19.2345,56.8,90,100,8.12
91,Khrebtovaya,RU,2022-09-26 00:55:23,56.7032,104.2494,31.91,89,100,5.59
92,Puerto Ayora,EC,2022-09-26 00:55:23,-0.7393,-90.3518,69.76,94,99,7.0
93,Pocone,BR,2022-09-26 00:55:24,-16.2567,-56.6228,85.1,45,30,4.97
94,Rawson,AR,2022-09-26 00:55:24,-43.3002,-65.1023,52.99,77,6,16.82
95,Huadian,CN,2022-09-26 00:55:25,42.9633,126.7478,60.15,74,1,6.51
96,Cacador,BR,2022-09-26 00:55:26,-26.7753,-51.015,51.69,99,100,3.78
97,Buraydah,SA,2022-09-26 00:55:26,26.326,43.975,75.65,34,0,7.78
98,Castro,BR,2022-09-26 00:55:27,-24.7911,-50.0119,52.09,93,100,5.28
99,Codrington,AU,2022-09-26 00:55:27,-38.2667,141.9667,51.55,96,100,4.83
100,Dongsheng,CN,2022-09-26 00:55:28,39.8161,109.9776,61.81,42,0,9.1
101,Bumba,CD,2022-09-26 00:55:28,2.1833,22.4667,68.97,98,100,2.26
102,Clyde River,CA,2022-09-26 00:55:29,70.4692,-68.5914,35.83,87,100,3.44
103,Zhezkazgan,KZ,2022-09-26 00:55:29,47.8043,67.7144,64.38,29,40,17.9
104,Marzuq,YE,2022-09-26 00:55:30,14.4,46.4667,76.3,42,79,3.27
105,Teya,RU,2022-09-26 00:55:30,60.3778,92.6267,29.71,93,100,4.03
106,Dingle,PH,2022-09-26 00:55:31,10.9995,122.6711,81.27,82,93,14.32
107,Avarua,CK,2022-09-26 00:55:31,-21.2078,-159.775,78.85,73,40,12.66
108,Mar Del Plata,AR,2022-09-26 00:53:01,-38.0023,-57.5575,55.09,97,100,6.91
109,Orange,US,2022-09-26 00:52:16,33.7,-117.7675,98.44,49,20,6.91
110,Urucara,BR,2022-09-26 00:55:32,-2.5364,-57.76,86.85,36,99,1.61
111,Los Llanos De Aridane,ES,2022-09-26 00:55:32,28.6585,-17.9182,68.13,97,100,16.11
112,Grozesti,RO,2022-09-26 00:55:33,44.65,23.3167,57.88,57,100,4.09
113,Doctor Juan Manuel Frutos,PY,2022-09-26 00:55:33,-25.3667,-55.8,59.76,98,100,6.98
114,Paoua,CF,2022-09-26 00:55:34,7.2427,16.4406,68.32,97,93,1.5
115,Catuday,PH,2022-09-26 00:55:34,16.2923,119.8062,78.37,81,100,28.01
116,Elk Plain,US,2022-09-26 00:55:35,47.0532,-122.3976,79.32,51,0,9.22
117,Iqaluit,CA,2022-09-26 00:53:40,63.7506,-68.5145,33.53,80,20,4.61
118,Norman Wells,CA,2022-09-26 00:55:35,65.282,-126.8329,51.84,54,20,5.75
119,Otukpo,NG,2022-09-26 00:55:36,7.1913,8.1329,72.36,96,100,7.27
120,Zagoryanskiy,RU,2022-09-26 00:55:36,55.9325,37.9581,44.24,91,100,3.6
121,Gondanglegi,ID,2022-09-26 00:55:37,-7.7479,112.0132,83.3,62,55,17.72
122,Talara,PE,2022-09-26 00:55:37,-4.5772,-81.2719,63.41,84,100,19.08
123,Kruisfontein,ZA,2022-09-26 00:55:38,-34.0033,24.7314,56.88,87,100,4.74
124,Verkhnyaya Toyma,RU,2022-09-26 00:55:38,62.2349,44.9985,37.98,87,100,10.04
125,Hofn,IS,2022-09-26 00:55:39,64.2539,-15.2082,41.63,51,0,24.83
126,Hithadhoo,MV,2022-09-26 00:55:25,-0.6,73.0833,81.0,75,99,13.71
127,Petropavlovsk-Kamchatskiy,RU,2022-09-26 00:55:39,53.0452,158.6483,48.79,100,100,2.24
128,Todos Santos,MX,2022-09-26 00:55:40,23.45,-110.2167,80.65,88,84,5.88
129,Tezu,IN,2022-09-26 00:55:40,27.9167,96.1667,74.28,90,100,1.7
130,Narasannapeta,IN,2022-09-26 00:55:40,18.4167,84.05,78.39,86,100,3.47
131,Tuktoyaktuk,CA,2022-09-26 00:55:41,69.4541,-133.0374,33.8,75,100,8.05
132,Kushima,JP,2022-09-26 00:55:41,31.4583,131.2333,81.75,71,61,6.73
133,Sijunjung,ID,2022-09-26 00:55:42,-0.6876,100.9537,74.86,87,100,0.96
134,Deyang,CN,2022-09-26 00:55:43,31.1302,104.382,66.43,87,100,1.95
135,Bikaner,IN,2022-09-26 00:54:24,28.0167,73.3,82.98,54,94,7.99
136,Kenai,US,2022-09-26 00:56:44,60.5544,-151.2583,55.02,73,100,5.37
137,Villazon,BO,2022-09-26 00:56:44,-22.0866,-65.5942,43.09,16,0,2.42
138,Souillac,MU,2022-09-26 00:56:38,-20.5167,57.5167,70.18,83,20,8.05
139,Yerbogachen,RU,2022-09-26 00:56:45,61.2767,108.0108,31.78,94,100,4.21
140,Camopi,GF,2022-09-26 00:56:45,3.1655,-52.3158,72.43,96,3,4.34
141,Coquimbo,CL,2022-09-26 00:56:46,-29.9533,-71.3436,53.33,87,0,9.22
142,Manta,EC,2022-09-26 00:52:12,-0.95,-80.7333,69.58,83,75,14.97
143,Sidi Ali,DZ,2022-09-26 00:56:46,36.0998,0.4206,69.33,73,100,6.91
144,Killybegs,IE,2022-09-26 00:56:47,54.6333,-8.45,53.78,72,16,26.37
145,Hasaki,JP,2022-09-26 00:56:47,35.7333,140.8333,79.21,72,7,12.77
146,Aklavik,CA,2022-09-26 00:56:48,68.2191,-135.0107,38.7,81,100,0.85
147,Victoria,HK,2022-09-26 00:56:48,22.2855,114.1577,84.96,70,26,8.01
148,Lhokseumawe,ID,2022-09-26 00:56:49,5.1801,97.1507,78.21,82,100,3.98
149,Dzilam Gonzalez,MX,2022-09-26 00:56:49,21.2833,-88.9333,79.77,80,6,8.08
150,Shache,CN,2022-09-26 00:56:49,38.4167,77.2406,65.71,42,0,3.36
151,Riberalta,BO,2022-09-26 00:56:50,-10.9833,-66.1,84.45,44,71,1.12
152,College,US,2022-09-26 00:56:50,64.8569,-147.8028,54.21,58,72,1.99
153,Airai,TL,2022-09-26 00:56:51,-8.9266,125.4092,76.51,32,90,1.79
154,Yulara,AU,2022-09-26 00:56:51,-25.2406,130.9889,71.02,46,6,18.12
155,Stornoway,GB,2022-09-26 00:56:52,58.2093,-6.3865,49.03,75,97,11.01
156,Kodiak,US,2022-09-26 00:56:52,57.79,-152.4072,50.41,73,100,6.93
157,Lebu,CL,2022-09-26 00:56:53,-37.6167,-73.65,48.63,84,100,9.28
158,East London,ZA,2022-09-26 00:56:53,-33.0153,27.9116,65.8,76,100,5.5
159,Kodinsk,RU,2022-09-26 00:56:54,58.6881,99.1844,32.76,88,100,2.98
160,Hilo,US,2022-09-26 00:56:48,19.7297,-155.09,83.28,85,44,5.99
161,Okhotsk,RU,2022-09-26 00:56:55,59.3833,143.3,45.79,50,13,3.76
162,Alekseyevka,RU,2022-09-26 00:56:55,50.6309,38.6903,43.99,84,29,10.65
163,Teahupoo,PF,2022-09-26 00:56:55,-17.8333,-149.2667,76.96,78,39,19.06
164,Belyy Yar,RU,2022-09-26 00:56:56,53.6039,91.3903,49.89,93,75,8.95
165,Ancud,CL,2022-09-26 00:56:56,-41.8697,-73.8203,48.22,81,100,19.3
166,Bathsheba,BB,2022-09-26 00:56:57,13.2167,-59.5167,81.21,83,40,17.27
167,Hualmay,PE,2022-09-26 00:56:57,-11.0964,-77.6139,61.66,81,63,10.31
168,Coihaique,CL,2022-09-26 00:56:57,-45.5752,-72.0662,45.21,76,100,4.61
169,Union,US,2022-09-26 00:56:58,40.6334,-74.2663,66.11,89,40,3.44
170,Port Hawkesbury,CA,2022-09-26 00:56:58,45.6169,-61.3485,58.59,87,100,5.75
171,Naze,JP,2022-09-26 00:56:59,28.3667,129.4833,81.52,75,16,9.78
172,Ucluelet,CA,2022-09-26 00:54:09,48.9329,-125.5528,66.51,83,46,3.0
173,Saint-Denis,FR,2022-09-26 00:56:59,48.9167,2.3333,55.11,78,0,5.75
174,Flin Flon,CA,2022-09-26 00:57:00,54.7682,-101.865,45.97,48,100,4.45
175,Bend,US,2022-09-26 00:57:00,44.0582,-121.3153,82.15,30,0,11.5
176,Antofagasta,CL,2022-09-26 00:57:01,-23.65,-70.4,58.28,70,19,6.53
177,Pangoa,PE,2022-09-26 00:57:01,-12.1167,-73.0,68.27,98,100,3.2
178,Poplar Bluff,US,2022-09-26 00:57:02,36.757,-90.3929,73.18,46,0,5.5
179,Sao Felix Do Xingu,BR,2022-09-26 00:58:02,-6.6447,-51.995,71.29,96,94,2.06
180,Lagoa,PT,2022-09-26 00:58:04,39.05,-27.9833,69.89,71,100,22.79
181,Ape,LV,2022-09-26 00:56:18,57.5393,26.6929,38.57,92,54,0.89
182,Nanakuli,US,2022-09-26 00:58:05,21.3906,-158.1547,85.44,78,100,0.0
183,Thanh Hoa,VN,2022-09-26 00:55:40,19.8,105.7667,77.61,85,75,4.88
184,Altamira,BR,2022-09-26 00:58:05,-3.2033,-52.2064,77.76,66,13,2.66
185,Black River,JM,2022-09-26 00:58:06,18.0264,-77.8487,77.97,88,100,9.73
186,Jardim,BR,2022-09-26 00:58:06,-21.4803,-56.1381,71.78,88,100,2.8
187,Ferme-Neuve,CA,2022-09-26 00:58:07,46.7001,-75.4493,50.63,80,97,1.45
188,Kahului,US,2022-09-26 00:58:07,20.8947,-156.47,84.85,75,49,14.0
189,Aykhal,RU,2022-09-26 00:58:08,66.0,111.5,17.29,95,91,4.92
190,Sorland,NO,2022-09-26 00:58:09,67.667,12.6934,53.46,75,7,17.4
191,Rundu,NA,2022-09-26 00:58:09,-17.9333,19.7667,71.44,25,6,5.55
192,Trofors,NO,2022-09-26 00:58:10,65.5333,13.4063,49.87,82,40,8.66
193,Paita,PE,2022-09-26 00:58:10,-5.0892,-81.1144,63.7,79,97,16.91
194,Khatanga,RU,2022-09-26 00:58:11,71.9667,102.5,26.92,95,100,13.22
195,Guerrero Negro,MX,2022-09-26 00:58:11,27.9769,-114.0611,75.56,78,0,14.97
196,Cidreira,BR,2022-09-26 00:58:12,-30.1811,-50.2056,61.59,90,100,11.43
197,Kaitangata,NZ,2022-09-26 00:58:12,-46.2817,169.8464,61.99,62,78,4.94
198,Dakar,SN,2022-09-26 00:58:12,14.6937,-17.4441,79.68,89,20,2.3
199,Marinette,US,2022-09-26 00:58:13,45.1,-87.6307,54.09,83,94,14.76
200,Tura,IN,2022-09-26 00:58:14,25.5198,90.2201,74.39,90,91,2.64
201,Tatarsk,RU,2022-09-26 00:58:14,55.219,75.9828,35.13,73,100,10.02
202,Bonthe,SL,2022-09-26 00:58:14,7.5264,-12.505,74.77,92,100,6.02
203,Tiksi,RU,2022-09-26 00:58:15,71.6872,128.8694,35.04,75,100,24.85
204,Canas,CR,2022-09-26 00:58:15,10.4294,-85.0931,78.6,97,100,0.47
205,Kangaatsiaq,GL,2022-09-26 00:58:16,68.3065,-53.4641,37.17,64,100,14.2
206,Meulaboh,ID,2022-09-26 00:57:55,4.1363,96.1285,76.93,87,100,4.0
207,Vestmannaeyjar,IS,2022-09-26 00:58:17,63.4427,-20.2734,45.59,70,1,16.71
208,Nan,TH,2022-09-26 00:58:18,18.8333,100.6667,73.42,100,40,0.0
209,Pevek,RU,2022-09-26 00:58:18,69.7008,170.3133,32.16,65,15,1.95
210,Yatou,CN,2022-09-26 00:58:19,37.15,122.3833,70.02,65,0,4.59
211,Novyy Urengoy,RU,2022-09-26 00:54:36,66.0833,76.6333,29.34,85,98,16.71
212,Margate,GB,2022-09-26 00:58:21,51.3813,1.3862,53.31,74,100,4.0
213,Luderitz,NA,2022-09-26 00:58:21,-26.6481,15.1594,53.69,82,2,5.28
214,Torbay,CA,2022-09-26 00:57:51,47.6666,-52.7314,53.28,85,0,16.11
215,Nattam,IN,2022-09-26 00:58:22,10.2333,78.2333,77.45,74,100,0.65
216,Bandarbeyla,SO,2022-09-26 00:58:23,9.4942,50.8122,76.51,83,100,24.63
217,Kamyaran,IR,2022-09-26 00:58:23,34.7956,46.9355,59.81,54,0,7.54
218,Kibala,TD,2022-09-26 00:58:24,9.1104,18.3463,73.54,94,100,2.04
219,Onega,RU,2022-09-26 00:58:25,63.9061,38.1404,43.21,94,100,6.69
220,Sovkhoznyy,RU,2022-09-26 00:58:25,45.2946,38.1138,53.76,79,14,6.58
221,Saint Stephen,GB,2022-09-26 00:58:25,50.3333,-4.9,59.27,82,75,19.57
222,Barrow,US,2022-09-26 00:58:26,71.2906,-156.7887,30.34,73,99,13.06
223,Bilasipara,IN,2022-09-26 00:58:26,26.232,90.2347,76.26,91,100,6.76
224,Khudumelapye,BW,2022-09-26 00:58:27,-23.8833,24.75,67.12,36,0,9.82
225,Hovd,MN,2022-09-26 00:59:27,48.0056,91.6419,54.68,33,37,8.28
226,Saint George,US,2022-09-26 00:58:41,37.1041,-113.5841,87.8,12,0,2.77
227,Mehamn,NO,2022-09-26 00:59:28,71.0357,27.8492,42.75,81,0,9.22
228,Constitucion,CL,2022-09-26 00:59:28,-35.3333,-72.4167,48.54,79,100,7.4
229,Gushikawa,JP,2022-09-26 00:59:29,26.3544,127.8686,83.43,88,14,8.63
230,Bukoba,TZ,2022-09-26 00:59:29,-1.3317,31.8122,68.97,80,100,3.71
231,Muros,ES,2022-09-26 00:56:42,42.7762,-9.0603,56.08,78,0,12.84
232,Labytnangi,RU,2022-09-26 00:59:30,66.6572,66.4183,26.82,75,22,4.54
233,Carora,VE,2022-09-26 00:59:30,10.1755,-70.0827,81.05,65,100,5.23
234,Shimoda,JP,2022-09-26 00:59:31,34.6667,138.95,77.11,75,38,5.19
235,Nanortalik,GL,2022-09-26 00:59:32,60.1432,-45.2371,49.68,98,100,17.92
236,Verkhoyansk,RU,2022-09-26 00:59:32,67.5447,133.385,31.37,84,100,2.62
237,Provideniya,RU,2022-09-26 00:59:33,64.3833,-173.3,42.91,70,100,13.42
238,Turukhansk,RU,2022-09-26 00:59:33,65.8167,87.9833,28.94,97,100,2.66
239,Ludvika,SE,2022-09-26 00:59:33,60.1496,15.1878,48.0,98,63,4.05
240,Alofi,NU,2022-09-26 00:59:34,-19.0595,-169.9187,82.29,69,100,3.44
241,Namatanai,PG,2022-09-26 00:59:34,-3.6667,152.4333,85.71,60,2,5.01
242,Henties Bay,NA,2022-09-26 00:59:35,-22.116,14.2845,54.57,84,79,4.76
243,Korla,CN,2022-09-26 00:59:35,41.7597,86.1469,69.69,35,57,3.18
244,Fortuna,US,2022-09-26 00:59:36,40.5982,-124.1573,67.08,82,8,4.05
245,Tongzi,CN,2022-09-26 00:59:36,28.7829,105.0877,67.33,83,99,1.14
246,Port Lincoln,AU,2022-09-26 00:59:37,-34.7333,135.8667,58.48,54,2,10.89
247,Bredasdorp,ZA,2022-09-26 00:59:37,-34.5322,20.0403,53.28,95,100,2.57
248,Kozhva,RU,2022-09-26 00:59:38,65.1073,57.0459,29.07,78,13,3.51
249,Faya,SA,2022-09-26 00:57:49,18.3851,42.4509,63.12,27,5,8.01
250,Hailar,CN,2022-09-26 00:59:38,49.2,119.7,38.71,86,100,7.56
251,Soldotna,US,2022-09-26 00:59:39,60.4878,-151.0583,54.01,74,100,3.4
252,Barcelos,PT,2022-09-26 00:59:39,41.5388,-8.6151,64.85,70,4,5.61
253,Olinda,BR,2022-09-26 00:55:27,-8.0089,-34.8553,78.53,73,40,10.36
254,Gore,NZ,2022-09-26 00:59:40,-46.1028,168.9436,64.78,60,71,1.81
255,Moose Jaw,CA,2022-09-26 00:58:42,50.4001,-105.5344,66.45,22,95,4.61
256,Saint-Pierre,RE,2022-09-26 00:59:41,-21.3393,55.4781,65.88,68,0,6.91
257,Havelock,US,2022-09-26 00:59:41,34.8791,-76.9013,77.95,78,99,1.99
258,Kabinda,CD,2022-09-26 00:59:42,-6.1333,24.4833,68.05,77,100,2.64
259,Laguna,US,2022-09-26 00:59:42,38.421,-121.4238,96.08,29,0,4.61
260,Hagere Selam,ET,2022-09-26 00:59:42,6.4833,38.5167,48.27,98,100,4.16
261,Komsomolskiy,UZ,2022-09-26 00:59:43,40.4272,71.7189,63.32,39,0,6.91
262,Vila,PT,2022-09-26 00:59:43,42.0304,-8.1588,45.48,81,0,5.59
263,Gondar,ET,2022-09-26 00:59:44,12.6,37.4667,57.25,64,12,3.53
264,Havoysund,NO,2022-09-26 00:59:44,70.9963,24.6622,48.43,77,0,14.79
265,Dunedin,NZ,2022-09-26 00:59:40,-45.8742,170.5036,53.8,80,100,4.0
266,Maniitsoq,GL,2022-09-26 00:59:45,65.4167,-52.9,43.09,81,100,6.49
267,Thompson,CA,2022-09-26 00:58:40,55.7435,-97.8558,44.76,57,40,5.75
268,Harper,LR,2022-09-26 01:00:46,4.375,-7.7169,73.11,96,100,8.46
269,Lompoc,US,2022-09-26 01:00:46,34.6391,-120.4579,77.14,79,75,11.5
270,Cayenne,GF,2022-09-26 01:00:47,4.9333,-52.3333,78.84,89,0,5.75
271,Gongzhuling,CN,2022-09-26 01:00:47,43.5008,124.8198,60.87,53,0,6.71
272,Bad Wurzach,DE,2022-09-26 01:00:47,47.9,9.9,50.63,98,100,4.07
273,Port Augusta,AU,2022-09-26 01:00:48,-32.5,137.7667,63.46,66,95,14.97
274,Dwarka,IN,2022-09-26 01:00:48,22.2394,68.9678,79.84,68,15,7.94
275,Vermillion,US,2022-09-26 01:00:49,42.7794,-96.9292,64.71,21,100,11.34
276,Merta,IN,2022-09-26 01:00:49,26.65,74.0333,75.33,71,91,6.06
277,Cockburn Town,TC,2022-09-26 01:00:24,21.4612,-71.1419,82.62,80,4,18.52
278,Cherskiy,RU,2022-09-26 01:00:50,68.75,161.3,35.01,55,10,4.94
279,San Cristobal,VE,2022-09-26 01:00:50,7.7669,-72.225,66.6,94,54,2.19
280,Asosa,ET,2022-09-26 01:00:51,10.0667,34.5333,59.14,98,100,6.11
281,Cap Malheureux,MU,2022-09-26 01:00:51,-19.9842,57.6142,69.48,75,0,3.0
282,Yuanping,CN,2022-09-26 01:00:52,38.7153,112.7575,64.09,46,0,0.89
283,Inhambane,MZ,2022-09-26 01:00:52,-23.865,35.3833,70.38,89,0,8.25
284,Koungou,YT,2022-09-26 01:00:53,-12.7336,45.2042,74.91,88,75,2.3
285,Sharan,RU,2022-09-26 01:00:53,54.8167,54.0,47.59,83,100,7.45
286,Alekseyevsk,RU,2022-09-26 01:00:54,57.8406,108.3492,36.39,76,11,3.09
287,Jijiga,ET,2022-09-26 01:00:54,9.35,42.8,60.71,85,32,8.32
288,Abha,SA,2022-09-26 01:00:54,18.2164,42.5053,63.39,28,14,10.22
289,Kavieng,PG,2022-09-26 01:00:55,-2.5744,150.7967,84.99,68,5,11.41
290,Kolokani,ML,2022-09-26 01:00:55,13.5728,-8.0339,74.32,76,94,4.81
291,Kawalu,ID,2022-09-26 01:00:56,-7.3817,108.2082,75.06,86,100,4.18
292,Emporia,US,2022-09-26 01:00:56,38.4039,-96.1817,65.41,38,2,7.45
293,San Carlos De Bariloche,AR,2022-09-26 01:00:57,-41.1456,-71.3082,44.02,63,100,8.28
294,Cabedelo,BR,2022-09-26 00:58:52,-6.9811,-34.8339,75.87,82,0,13.51
295,Eldama Ravine,KE,2022-09-26 01:00:58,0.0516,35.7308,52.34,85,0,4.59
296,Grande Prairie,CA,2022-09-26 00:59:34,55.1667,-118.8027,66.38,45,75,20.71
297,Neiafu,TO,2022-09-26 01:00:58,-18.65,-173.9833,73.42,84,100,14.29
298,Chokurdakh,RU,2022-09-26 01:00:59,70.6333,147.9167,32.14,72,100,12.48
299,Tucuman,AR,2022-09-26 00:56:23,-26.8241,-65.2226,66.2,32,0,6.91
300,Bandar,ID,2022-09-26 01:00:59,2.05,99.75,77.77,78,100,0.36
301,Lalibela,ET,2022-09-26 01:01:00,12.0333,39.0333,54.68,68,64,5.86
302,Hirara,JP,2022-09-26 01:01:00,24.8,125.2833,82.26,74,4,11.63
303,Vangaindrano,MG,2022-09-26 01:01:00,-23.35,47.6,64.9,94,16,4.61
304,Kendari,ID,2022-09-26 01:01:01,-3.945,122.4989,83.73,63,21,2.04
305,Sabang,ID,2022-09-26 01:01:02,5.8933,95.3214,81.45,76,100,15.68
306,Bull Savanna,JM,2022-09-26 01:01:02,17.8868,-77.5902,77.61,86,100,13.76
307,Imeni Poliny Osipenko,RU,2022-09-26 01:01:03,52.4201,136.4853,52.03,90,100,13.42
308,San Patricio,US,2022-09-26 01:01:04,28.017,-97.5169,84.29,60,18,8.95
309,Peniche,PT,2022-09-26 01:01:25,39.3558,-9.3811,61.11,87,0,19.04
310,Kolondieba,ML,2022-09-26 01:01:25,11.0882,-6.8926,71.71,95,74,2.68
311,The Valley,AI,2022-09-26 01:01:26,18.217,-63.0578,83.1,74,29,16.17
312,Rawah,IQ,2022-09-26 01:02:27,34.4816,41.9093,71.17,17,0,10.33
313,Santa Vitoria Do Palmar,BR,2022-09-26 01:02:27,-33.5189,-53.3681,58.73,83,100,11.83
314,Slave Lake,CA,2022-09-26 01:02:28,55.2834,-114.769,55.81,66,56,3.8
315,Ibra,OM,2022-09-26 00:58:16,22.6906,58.5334,76.73,65,8,2.73
316,Edson,CA,2022-09-26 00:58:31,53.5835,-116.4356,71.74,37,75,4.61
317,Noumea,NC,2022-09-26 01:02:29,-22.2763,166.4572,82.99,99,11,11.7
318,Shiyan,CN,2022-09-26 01:00:21,32.6475,110.7781,70.81,49,96,2.19
319,Husavik,IS,2022-09-26 01:02:29,66.0449,-17.3389,38.32,60,100,26.08
320,Half Moon Bay,US,2022-09-26 01:02:30,37.4636,-122.4286,79.88,77,100,20.71
321,Shenjiamen,CN,2022-09-26 01:02:31,29.9576,122.298,73.22,70,62,9.17
322,Malanje,AO,2022-09-26 01:02:31,-9.5402,16.341,65.48,86,32,3.78
323,Ranot,TH,2022-09-26 01:02:32,7.7777,100.3213,81.95,74,89,7.65
324,Kupang,ID,2022-09-26 01:02:32,-10.1667,123.5833,86.58,70,20,2.3
325,Sisimiut,GL,2022-09-26 01:02:32,66.9395,-53.6735,42.51,56,100,3.94
326,Chulym,RU,2022-09-26 01:02:33,55.0997,80.9572,33.15,89,100,8.79
327,Nipawin,CA,2022-09-26 00:58:00,53.3668,-104.0009,60.84,41,75,3.44
328,Waipawa,NZ,2022-09-26 01:02:34,-41.4122,175.5153,55.96,57,100,11.56
329,Kinshasa,CD,2022-09-26 01:00:06,-4.3246,15.3215,74.95,78,80,3.38
330,Kigoma,TZ,2022-09-26 01:02:34,-4.8769,29.6267,77.99,56,100,3.38
331,Spirit River,CA,2022-09-26 01:02:35,55.7833,-118.8361,65.03,53,31,9.95
332,Moranbah,AU,2022-09-26 01:02:35,-22.0016,148.0466,82.49,40,0,9.35
333,Sao Filipe,CV,2022-09-26 01:02:36,14.8961,-24.4956,78.13,76,6,6.85
334,Tefe,BR,2022-09-26 01:02:36,-3.3542,-64.7114,77.27,78,0,2.89
335,Eichenzell,DE,2022-09-26 01:02:36,50.4934,9.6961,48.7,94,46,4.97
336,Erzin,TR,2022-09-26 01:02:37,36.9559,36.2,68.7,29,0,2.66
337,Xixiang,CN,2022-09-26 01:02:37,35.1628,112.865,74.5,38,97,1.63
338,Riyadh,SA,2022-09-26 01:01:22,24.6877,46.7219,77.61,30,1,16.96
339,Westport,US,2022-09-26 01:02:38,41.1415,-73.3579,67.82,85,0,18.41
340,Hami,CN,2022-09-26 01:02:38,42.8,93.45,71.62,16,7,6.78
341,Venice,US,2022-09-26 01:02:39,27.0998,-82.4543,82.0,90,100,1.99
342,Shizunai,JP,2022-09-26 01:02:39,42.3339,142.3669,66.06,63,100,1.52
343,Ilulissat,GL,2022-09-26 01:02:40,69.2167,-51.1,37.42,56,75,4.61
344,Altagracia De Orituco,VE,2022-09-26 01:02:40,9.8601,-66.3814,71.8,93,70,2.1
345,Moche,PE,2022-09-26 01:02:41,-8.1711,-79.0092,60.76,90,71,9.06
346,Udachnyy,RU,2022-09-26 01:02:41,66.4167,112.4,23.45,92,96,4.74
347,Saint Anthony,US,2022-09-26 01:00:21,45.0205,-93.218,62.26,51,40,6.91
348,Saint-Francois,FR,2022-09-26 01:02:42,46.4154,3.9054,47.64,100,20,0.0
349,Amapa,BR,2022-09-26 01:02:42,1.0,-52.0,74.62,81,6,3.2
350,Rio Grande,BR,2022-09-26 01:02:42,-32.035,-52.0986,61.57,91,100,14.85
351,Narsaq,GL,2022-09-26 01:02:43,60.9167,-46.05,50.22,99,100,2.13
352,Pacific Grove,US,2022-09-26 01:02:43,36.6177,-121.9166,69.39,85,75,8.05
353,Kargasok,RU,2022-09-26 01:02:44,59.0556,80.8572,29.52,95,100,8.57
354,Alausi,EC,2022-09-26 00:59:16,-2.2,-78.8333,50.22,92,100,6.22
355,Lugovoy,KZ,2022-09-26 01:02:44,42.9472,72.7644,66.09,30,0,5.82
356,Okha,RU,2022-09-26 01:03:06,53.5739,142.9478,48.78,71,64,9.84
357,Poronaysk,RU,2022-09-26 01:04:06,49.2167,143.1167,55.53,74,100,6.53
358,Ulety,RU,2022-09-26 01:04:07,51.3572,112.4849,41.07,67,15,5.93
359,Cabo San Lucas,MX,2022-09-26 01:02:31,22.8909,-109.9124,88.05,82,47,11.03
360,Jining,CN,2022-09-26 01:04:08,35.405,116.5814,69.96,62,38,6.13
361,Edd,ER,2022-09-26 01:04:08,13.9297,41.6925,89.42,61,26,5.75
362,Pangnirtung,CA,2022-09-26 01:04:09,66.1451,-65.7125,38.16,54,100,2.46
363,Kormend,HU,2022-09-26 01:04:09,47.011,16.606,51.33,98,100,2.19
364,Shangzhi,CN,2022-09-26 01:04:10,45.2167,127.9667,60.26,58,0,6.71
365,Tautira,PF,2022-09-26 01:01:17,-17.7333,-149.15,76.93,78,35,18.37
366,Pisco,PE,2022-09-26 01:04:11,-13.7,-76.2167,60.03,80,0,2.46
367,Te Anau,NZ,2022-09-26 01:04:11,-45.4167,167.7167,60.73,58,70,5.14
368,Nogliki,RU,2022-09-26 01:04:13,51.8333,143.1667,51.03,72,38,9.24
369,Pilot Butte,CA,2022-09-26 01:04:13,50.4668,-104.4178,63.63,56,88,6.38
370,Lorengau,PG,2022-09-26 01:01:22,-2.0226,147.2712,85.84,61,0,10.49
371,Severo-Kurilsk,RU,2022-09-26 01:04:14,50.6789,156.125,50.83,88,98,21.88
372,Kijang,KR,2022-09-26 01:04:15,35.2442,129.2139,69.26,61,100,4.29
373,Anadyr,RU,2022-09-26 01:04:15,64.75,177.4833,37.9,60,0,11.18
374,Faanui,PF,2022-09-26 01:04:16,-16.4833,-151.75,77.83,77,20,19.57
375,Ust-Nera,RU,2022-09-26 01:04:16,64.5667,143.2,31.73,80,100,2.13
376,Gewane,ET,2022-09-26 01:04:17,10.1664,40.6453,76.86,64,44,12.57
377,Takoradi,GH,2022-09-26 01:04:18,4.8845,-1.7554,74.71,93,7,8.81
378,Tucurui,BR,2022-09-26 01:04:18,-3.7661,-49.6725,78.82,69,91,2.3
379,Sindou,BF,2022-09-26 01:04:18,10.6667,-5.1667,73.04,90,79,1.9
380,Darjiling,IN,2022-09-26 01:04:19,27.0333,88.2667,55.71,92,100,1.79
381,Asfi,MA,2022-09-26 01:04:20,32.2994,-9.2372,67.93,71,100,7.9
382,Bilma,NE,2022-09-26 01:04:21,18.6853,12.9164,90.03,13,24,8.34
383,Corum,TR,2022-09-26 01:04:21,40.5,34.75,50.86,31,0,2.24
384,Nizwa,OM,2022-09-26 01:04:22,22.9333,57.5333,78.64,53,6,0.81
385,Xuddur,SO,2022-09-26 01:04:22,4.1213,43.8894,72.88,71,92,12.5
386,Khani,GE,2022-09-26 01:04:22,41.9563,42.9566,44.17,70,0,5.88
387,Yuli,NG,2022-09-26 01:04:23,9.6989,10.2744,73.56,91,52,3.09
388,Mogadishu,SO,2022-09-26 01:04:23,2.0371,45.3438,77.32,87,94,13.22
389,Fort Nelson,CA,2022-09-26 01:04:24,58.8053,-122.7002,61.38,49,100,2.8
390,Roma,US,2022-09-26 01:00:03,43.2128,-75.4557,58.95,96,100,0.0
391,Colac,AU,2022-09-26 01:04:25,-38.3333,143.5833,55.17,96,100,4.23
392,Vaitape,PF,2022-09-26 01:04:25,-16.5167,-151.75,77.22,78,81,17.45
393,Ginir,ET,2022-09-26 01:02:25,7.1333,40.7,58.41,82,88,4.68
394,Mikhaylovka,RU,2022-09-26 01:04:26,50.06,43.2379,47.7,81,6,13.04
395,Vostok,RU,2022-09-26 01:04:27,46.4856,135.8833,61.2,54,5,6.64
396,Baijiantan,CN,2022-09-26 01:04:27,45.6333,85.1833,73.31,27,0,5.26
397,Praia Da Vitoria,PT,2022-09-26 01:02:54,38.7333,-27.0667,69.76,78,77,17.94
398,Longyearbyen,SJ,2022-09-26 01:03:12,78.2186,15.6401,44.44,76,75,6.91
399,Esperance,AU,2022-09-26 01:04:28,-33.8667,121.9,60.42,67,100,9.1
400,Portland,US,2022-09-26 01:01:53,45.5234,-122.6762,89.94,38,0,4.61
401,Nabire,ID,2022-09-26 01:04:30,-3.3667,135.4833,84.87,67,100,1.92
402,Kholmogory,RU,2022-09-26 01:04:30,64.2229,41.656,42.69,78,100,7.54
403,Coahuayana,MX,2022-09-26 01:04:30,18.7333,-103.6833,80.26,88,57,2.55
404,Livingston,GB,2022-09-26 01:05:31,55.9029,-3.5226,51.85,82,60,13.58
405,Gwadar,PK,2022-09-26 01:05:32,25.1216,62.3254,80.22,81,100,6.91
406,Marquette,US,2022-09-26 01:05:32,46.5333,-87.6335,50.04,93,100,12.5
407,Northampton,US,2022-09-26 01:01:12,40.8754,-75.2499,60.04,90,2,5.77
408,Guaraniacu,BR,2022-09-26 01:05:33,-25.1008,-52.8781,54.5,98,100,5.59
409,Banjar,ID,2022-09-26 01:05:33,-8.19,114.9675,83.01,66,98,6.58
410,Sao Jose Da Coroa Grande,BR,2022-09-26 01:05:34,-8.8978,-35.1478,74.66,82,1,9.51
411,Jumla,NP,2022-09-26 01:01:34,29.2747,82.1838,56.57,90,83,2.37
412,Bardiyah,LY,2022-09-26 01:05:34,31.7561,25.0865,73.38,71,0,8.12
413,Beira,MZ,2022-09-26 01:05:35,-19.8436,34.8389,70.16,92,1,6.73
414,Gao,ML,2022-09-26 01:00:51,16.6362,1.637,91.58,26,9,6.44
415,Paamiut,GL,2022-09-26 01:05:36,61.994,-49.6678,45.19,97,100,14.0
416,Bismarck,US,2022-09-26 01:05:32,46.8083,-100.7837,60.64,41,0,8.05
417,Grindavik,IS,2022-09-26 01:05:36,63.8424,-22.4338,39.67,87,40,3.44
418,Krasnoselkup,RU,2022-09-26 01:02:44,65.7,82.4667,25.9,76,100,16.26
419,North Myrtle Beach,US,2022-09-26 01:01:21,33.816,-78.68,78.12,71,26,10.0
420,Abu Samrah,SY,2022-09-26 01:02:47,35.3029,37.1841,67.98,37,0,3.67
421,Vila Velha,BR,2022-09-26 01:05:37,-20.3297,-40.2925,68.95,90,75,3.44
422,Grand Gaube,MU,2022-09-26 01:05:38,-20.0064,57.6608,69.39,75,1,4.0
423,Miraflores,MX,2022-09-26 01:05:38,19.2167,-98.8083,66.02,85,95,4.05
424,Santa Marinella,IT,2022-09-26 01:05:39,42.0345,11.8536,66.49,98,48,7.25
425,Iquique,CL,2022-09-26 01:03:58,-20.2208,-70.1431,59.11,80,35,4.16
426,La Joya,MX,2022-09-26 01:05:39,18.6667,-99.4667,75.38,92,100,4.88
427,Mount Gambier,AU,2022-09-26 01:05:40,-37.8333,140.7667,51.17,98,100,3.62
428,Harrismith,ZA,2022-09-26 01:05:40,-28.2728,29.1295,57.31,54,0,4.79
429,Broome,US,2022-09-26 01:05:40,42.2506,-75.833,59.54,86,20,5.75
430,Mount Isa,AU,2022-09-26 01:05:41,-20.7333,139.5,87.57,15,0,10.36
431,Hearst,CA,2022-09-26 01:05:41,49.6835,-83.6665,49.98,86,100,3.65
432,Changqing,CN,2022-09-26 01:05:42,36.5575,116.7272,72.61,39,0,6.67
433,Simpang,ID,2022-09-26 01:05:42,-1.2667,104.0833,79.16,80,82,5.61
434,Yazman,PK,2022-09-26 01:05:43,29.1212,71.7446,82.47,49,0,5.86
435,Maputo,MZ,2022-09-26 01:05:43,-25.9653,32.5892,69.22,87,0,2.3
436,Vanderhoof,CA,2022-09-26 01:05:13,54.0166,-124.0198,69.94,46,17,5.35
437,Erdenet,MN,2022-09-26 01:05:44,49.0333,104.0833,48.79,50,100,5.1
438,Ballymena,GB,2022-09-26 01:05:44,54.8636,-6.2763,54.84,86,28,19.37
439,Karratha,AU,2022-09-26 01:05:45,-20.7377,116.8463,81.7,24,3,24.07
440,Nishihara,JP,2022-09-26 01:05:46,26.1842,127.7558,86.05,81,75,10.36
441,Bafoulabe,ML,2022-09-26 01:05:46,13.8065,-10.8321,76.03,86,24,1.36
442,Sabzevar,IR,2022-09-26 01:05:47,36.2126,57.6819,68.4,66,0,8.57
443,Vila Franca Do Campo,PT,2022-09-26 01:05:47,37.7167,-25.4333,67.19,78,87,11.99
444,Egvekinot,RU,2022-09-26 01:05:48,66.3167,-179.1667,31.91,74,72,16.08
445,Mnogovershinnyy,RU,2022-09-26 01:05:49,53.9353,139.9242,45.75,85,100,7.76
446,Sao Joao Da Barra,BR,2022-09-26 01:05:09,-21.6403,-41.0511,69.21,80,81,11.56
447,Schneeberg,DE,2022-09-26 01:05:49,50.6,12.6333,51.06,99,100,2.98
448,Merauke,ID,2022-09-26 01:06:50,-8.4667,140.3333,85.69,71,100,8.37
449,Ledyard,US,2022-09-26 01:06:50,41.4398,-72.0142,68.16,86,100,12.03
450,Vao,NC,2022-09-26 01:06:50,-22.6667,167.4833,74.28,78,0,6.85
451,Przasnysz,PL,2022-09-26 01:06:51,53.0191,20.8803,46.38,70,98,4.47
452,Rognan,NO,2022-09-26 01:06:51,67.0953,15.3878,57.34,77,72,12.28
453,Hailey,US,2022-09-26 01:06:52,43.5196,-114.3153,73.99,43,0,3.44
454,Port Blair,IN,2022-09-26 01:06:52,11.6667,92.75,81.36,81,100,9.19
455,Heishan,CN,2022-09-26 01:05:25,41.6892,122.1128,66.07,67,0,7.56
456,Dimbokro,CI,2022-09-26 01:06:53,6.6451,-4.7048,72.09,99,100,4.09
457,Uray,RU,2022-09-26 01:06:53,60.1247,64.7758,27.23,76,1,9.98
458,Isangel,VU,2022-09-26 01:06:54,-19.55,169.2667,80.71,83,75,2.3
459,Nioro,GM,2022-09-26 01:06:54,13.35,-15.75,73.36,95,100,4.81
460,Polewali,ID,2022-09-26 01:06:54,-3.4324,119.3435,83.03,61,67,2.21
461,Sarangani,PH,2022-09-26 01:06:55,5.4033,125.4636,84.13,68,85,14.79
462,Lyubinskiy,RU,2022-09-26 01:06:55,55.1542,72.6925,38.88,82,100,15.84
463,Bonavista,CA,2022-09-26 01:06:56,48.6499,-53.1147,53.83,76,73,21.14
464,Mastic Beach,US,2022-09-26 01:06:56,40.7668,-72.8521,67.28,90,0,11.99
465,Tateyama,JP,2022-09-26 01:06:57,34.9833,139.8667,74.66,68,6,4.21
466,Le Port,RE,2022-09-26 01:06:02,-20.9373,55.2919,69.76,72,3,5.23
467,Carrick-On-Suir,IE,2022-09-26 01:06:57,52.3492,-7.4131,61.97,87,100,16.6
468,Leh,IN,2022-09-26 01:06:58,34.1667,77.5833,42.12,93,100,3.56
469,Pimentel,PE,2022-09-26 01:06:58,-6.8367,-79.9342,61.95,84,100,14.56
470,Winsum,NL,2022-09-26 01:06:59,53.33,6.5208,52.99,86,100,14.7
471,Makakilo City,US,2022-09-26 01:06:59,21.3469,-158.0858,84.0,71,20,11.5
472,Rocha,UY,2022-09-26 01:07:00,-34.4833,-54.3333,55.38,84,100,8.46
473,Lakselv,NO,2022-09-26 01:07:00,70.0513,24.9718,42.62,75,100,8.05
474,Nuevo Progreso,MX,2022-09-26 01:07:00,23.1667,-97.95,79.9,73,4,4.63
475,Honiara,SB,2022-09-26 01:07:01,-9.4333,159.95,84.42,71,92,3.78
476,Mardin,TR,2022-09-26 01:07:01,37.3131,40.7436,69.06,16,0,11.5
477,Aktas,KZ,2022-09-26 01:07:02,49.7789,72.9608,61.88,37,100,8.14
478,Vanavara,RU,2022-09-26 01:07:03,60.34,102.2797,31.77,83,100,3.8
479,Sobolevo,RU,2022-09-26 01:07:03,54.4299,31.8996,45.93,75,100,7.96
480,Belaya Gora,RU,2022-09-26 01:07:04,68.5333,146.4167,35.22,65,98,14.09
481,Moberly,US,2022-09-26 01:07:04,39.4184,-92.4382,64.67,50,0,3.44
482,Alenquer,BR,2022-09-26 01:02:33,-1.9417,-54.7383,80.24,59,38,2.13
483,Strezhevoy,RU,2022-09-26 01:07:05,60.7333,77.5889,25.77,87,10,6.62
484,Panama City,PA,2022-09-26 01:05:44,8.9936,-79.5197,82.17,79,78,1.01
485,Magadan,RU,2022-09-26 01:07:06,59.5667,150.8,49.53,47,96,2.3
486,Burhaniye,TR,2022-09-26 01:07:07,39.5004,26.9727,46.31,71,0,5.75
487,Talas,TR,2022-09-26 01:07:07,38.6908,35.5538,43.47,81,0,3.44
488,Pombas,CV,2022-09-26 01:07:08,17.1503,-25.0201,76.78,76,42,6.67
489,Dubrovnik,HR,2022-09-26 01:07:09,42.6481,18.0922,69.44,94,75,11.5
490,Samarai,PG,2022-09-26 01:07:10,-10.6167,150.6667,82.85,75,99,11.05
491,Jalu,LY,2022-09-26 01:07:10,29.0331,21.5482,75.61,55,0,7.43
492,Challans,FR,2022-09-26 01:07:11,46.8436,-1.8749,52.72,78,89,6.38
493,Ewa Beach,US,2022-09-26 01:07:11,21.3156,-158.0072,85.42,71,20,11.5
494,Sitka,US,2022-09-26 01:07:12,57.0531,-135.33,55.29,88,100,5.75
495,Wajir,KE,2022-09-26 01:08:13,1.7471,40.0573,75.4,74,6,15.26
496,Quatre Cocos,MU,2022-09-26 01:08:13,-20.2078,57.7625,69.1,82,18,15.19
497,Saint-Paul,RE,2022-09-26 01:08:14,-21.0096,55.2707,69.89,73,1,1.59
498,Port Hardy,CA,2022-09-26 01:08:14,50.6996,-127.4199,60.55,80,8,5.84
499,Hobyo,SO,2022-09-26 01:08:15,5.3505,48.5268,76.14,86,18,16.69
500,Pucallpa,PE,2022-09-26 01:08:15,-8.3791,-74.5539,84.24,65,40,2.3
501,Beruwala,LK,2022-09-26 01:08:16,6.4788,79.9828,78.28,87,100,6.96
502,Ahipara,NZ,2022-09-26 01:08:16,-35.1667,173.1667,64.47,64,100,14.25
503,Lethem,GY,2022-09-26 01:08:17,3.3803,-59.7968,79.79,73,85,6.4
504,Abakaliki,NG,2022-09-26 01:08:17,6.3163,8.1169,73.42,97,100,6.58
505,Wahiawa,US,2022-09-26 01:08:18,21.5028,-158.0236,82.2,76,100,3.44
506,Buala,SB,2022-09-26 01:08:19,-8.145,159.5921,84.11,68,93,2.08
507,Tabuk,PH,2022-09-26 01:08:19,17.4189,121.4443,78.51,85,100,3.18
508,Qasigiannguit,GL,2022-09-26 01:08:20,68.8193,-51.1922,37.65,81,100,3.74
509,Tabou,CI,2022-09-26 01:08:20,4.423,-7.3528,72.79,97,100,9.35
510,Erenhot,CN,2022-09-26 01:05:26,43.6475,111.9767,63.03,31,4,2.95
511,Paracuru,BR,2022-09-26 01:08:21,-3.41,-39.0306,80.11,79,0,11.63
512,Guiberoua,CI,2022-09-26 01:08:22,6.2392,-6.1727,69.15,100,100,2.44
513,Mongo,TD,2022-09-26 01:08:22,12.1844,18.693,78.67,78,100,4.68
514,Flinders,AU,2022-09-26 01:08:23,-34.5833,150.8552,64.18,67,100,5.01
515,Bud,US,2022-09-26 01:08:23,39.447,-86.1758,65.68,68,24,5.39
516,Carlyle,US,2022-09-26 01:08:24,38.6103,-89.3726,67.21,60,0,7.65
517,Lac Du Bonnet,CA,2022-09-26 01:08:24,50.2536,-96.0612,49.06,59,1,12.28
518,Luwuk,ID,2022-09-26 01:08:25,-0.9516,122.7875,84.7,60,33,7.63
519,Byron Bay,AU,2022-09-26 01:08:25,-28.65,153.6167,73.71,64,100,4.92
520,Verkhnyaya Inta,RU,2022-09-26 01:08:25,65.9811,60.3094,28.9,71,33,8.25
521,Pyapon,MM,2022-09-26 01:08:26,16.2833,95.6833,75.78,96,100,3.49
522,Chau Doc,VN,2022-09-26 01:08:26,10.7,105.1167,80.17,80,100,4.12
523,Tombouctou,ML,2022-09-26 01:08:27,20.0,-3.0,94.24,23,100,8.48
524,Sekoma,BW,2022-09-26 01:08:27,-24.4,23.8833,67.6,31,2,9.35
525,Puerto Madryn,AR,2022-09-26 01:08:28,-42.7692,-65.0385,53.98,78,27,15.35
526,Padang,ID,2022-09-26 01:08:28,-0.9492,100.3543,78.85,81,100,1.68
527,Ascension,US,2022-09-26 01:08:29,30.2169,-90.9001,84.07,78,0,0.0
528,Chalmette,US,2022-09-26 01:08:29,29.9427,-89.9634,86.0,68,0,9.22
529,Mayo,US,2022-09-26 01:08:30,38.8876,-76.5119,73.51,78,0,5.75
530,Necochea,AR,2022-09-26 01:08:30,-38.5473,-58.7368,50.54,91,60,11.61
531,Minab,IR,2022-09-26 01:08:30,27.1467,57.0801,85.28,53,5,1.19
532,Los Corrales De Buelna,ES,2022-09-26 01:08:31,43.2636,-4.0726,57.09,81,92,1.01
533,San Miguel,SV,2022-09-26 01:08:31,13.4833,-88.1833,74.35,98,34,2.93
534,Severodvinsk,RU,2022-09-26 01:08:32,64.5635,39.8302,42.91,84,100,8.9
535,Maraa,BR,2022-09-26 01:08:32,-1.8333,-65.3667,75.99,82,83,1.59
536,Harlingen,US,2022-09-26 01:08:32,26.1906,-97.6961,84.29,85,0,6.91
537,Manjakandriana,MG,2022-09-26 01:08:33,-18.9167,47.8,55.09,92,100,4.32
538,Vestmanna,FO,2022-09-26 01:08:33,62.1564,-7.1664,40.12,81,75,67.89
539,Tarauaca,BR,2022-09-26 01:08:34,-8.1614,-70.7656,78.44,62,97,2.73
540,Lata,PT,2022-09-26 01:08:34,40.1629,-8.3327,57.92,53,0,4.99
541,Quepos,CR,2022-09-26 01:09:35,9.4236,-84.1652,78.28,85,100,1.97
542,Mamakan,RU,2022-09-26 01:09:35,57.8161,114.0028,37.98,75,21,2.62
543,Kungurtug,RU,2022-09-26 01:09:36,50.5994,97.5228,48.02,51,58,3.0
544,Port Shepstone,ZA,2022-09-26 01:08:52,-30.7414,30.455,69.76,79,5,12.55
545,Kwinana,AU,2022-09-26 01:09:36,-32.25,115.7667,64.81,65,0,1.99
546,Maragogi,BR,2022-09-26 01:09:37,-9.0122,-35.2225,74.34,81,0,9.13
547,Aden,YE,2022-09-26 01:09:37,12.7794,45.0367,88.36,66,74,4.88
548,La Ronge,CA,2022-09-26 01:09:38,55.1001,-105.2842,51.76,61,100,5.3
549,Vanimo,PG,2022-09-26 01:09:39,-2.6741,141.3028,85.44,63,49,7.27
550,Richards Bay,ZA,2022-09-26 01:09:39,-28.783,32.0377,72.73,68,5,9.42
